"COD_IBGE","MUNICIPIO","CENSO2000","CENSO2010","CENSO2022","tc2000_2010","tc2010_2022"
"3500105","Adamantina",33497,33797,34687,"0.009","0.026"
"3500204","Adolfo",3684,3557,4351,"-0.034","0.223"
"3500303","Aguaí",28195,32148,32072,"0.14","-0.002"
"3500402","Águas da Prata",7131,7584,7369,"0.064","-0.028"
"3500501","Águas de Lindóia",1619,17266,17930,"9.665","0.038"
"3500550","Águas de Santa Bárbara",5224,5601,7177,"0.072","0.281"
"3500600","Águas de Săo Pedro",1883,2707,2780,"0.438","0.027"
"3500709","Agudos",32484,34524,37680,"0.063","0.091"
"3500758","Alambari",365,4884,6141,"12.381","0.257"
"3500808","Alfredo Marcondes",3697,3891,4445,"0.052","0.142"
"3500907","Altair",353,3815,3451,"9.807","-0.095"
"3501004","Altinópolis",15481,15607,16818,"0.008","0.078"
"3501103","Alto Alegre",4261,4102,3841,"-0.037","-0.064"
"3501152","Alumínio",15252,16839,17301,"0.104","0.027"
"3501202","Álvares Florence",4316,3897,3915,"-0.097","0.005"
"3501301","Álvares Machado",22661,23513,27255,"0.038","0.159"
"3501400","Álvaro de Carvalho",4109,465,4808,"-0.887","9.34"
"3501509","Alvinlândia",2837,3,2885,"-0.999","960.667"
"3501608","Americana",182593,210638,237240,"0.154","0.126"
"3501707","Américo Brasiliense",28287,34478,33019,"0.219","-0.042"
"3501806","Américo de Campos",5594,5706,5870,"0.02","0.029"
"3501905","Amparo",60404,65829,68008,"0.09","0.033"
"3502002","Analândia",3582,4293,4589,"0.198","0.069"
"3502101","Andradina",55161,55334,59783,"0.003","0.08"
"3502200","Angatuba",19297,2221,24022,"-0.885","9.816"
"3502309","Anhembi",4535,5653,5674,"0.247","0.004"
"3502408","Anhumas",3411,3738,4023,"0.096","0.076"
"3502507","Aparecida",34904,35007,32569,"0.003","-0.07"
"3502606","Aparecida d'Oeste",4935,445,4086,"-0.91","8.182"
"3502705","Apiaí",27162,25191,24585,"-0.073","-0.024"
"3502754","Araçariguama",11154,1708,21522,"-0.847","11.601"
"3502804","Araçatuba",169254,181579,200124,"0.073","0.102"
"3502903","Araçoiaba da Serra",19816,27299,32443,"0.378","0.188"
"3503000","Aramina",4763,5152,5420,"0.082","0.052"
"3503109","Arandu",6065,6123,6885,"0.01","0.124"
"3503158","Arapeí",2618,2493,2330,"-0.048","-0.065"
"3503208","Araraquara",182471,208662,242228,"0.144","0.161"
"3503307","Araras",104196,118843,130866,"0.141","0.101"
"3503356","Arco-Íris",2163,1925,2044,"-0.11","0.062"
"3503406","Arealva",7244,7841,8130,"0.082","0.037"
"3503505","Areias",36,3696,3577,"101.667","-0.032"
"3503604","Areiópolis",10296,10579,10130,"0.027","-0.042"
"3503703","Ariranha",7477,8547,7602,"0.143","-0.111"
"3503802","Artur Nogueira",33124,44177,51456,"0.334","0.165"
"3503901","Arujá",59185,74905,86678,"0.266","0.157"
"3503950","Aspásia",1861,1809,1842,"-0.028","0.018"
"3504008","Assis",87251,95144,101409,"0.09","0.066"
"3504107","Atibaia",1113,126603,158647,"112.749","0.253"
"3504206","Auriflama",13513,14202,13692,"0.051","-0.036"
"3504305","Avaí",4596,4959,4483,"0.079","-0.096"
"3504404","Avanhandava",8829,1131,11263,"-0.872","8.958"
"3504503","Avaré",76472,82934,92805,"0.085","0.119"
"3504602","Bady Bassitt",1155,14603,27260,"11.643","0.867"
"3504701","Balbinos",1313,3702,3887,"1.819","0.05"
"3504800","Bálsamo",734,816,9596,"0.112","10.76"
"3504909","Bananal",9713,10223,9969,"0.053","-0.025"
"3505005","Barăo de Antonina",2794,3116,3531,"0.115","0.133"
"3505104","Barbosa",5837,6593,5640,"0.13","-0.145"
"3505203","Bariri",28224,31593,31595,"0.119","0"
"3505302","Barra Bonita",35487,35246,34346,"-0.007","-0.026"
"3505351","Barra do Chapéu",4846,5244,5179,"0.082","-0.012"
"3505401","Barra do Turvo",8108,7729,6876,"-0.047","-0.11"
"3505500","Barretos",103913,112101,122485,"0.079","0.093"
"3505609","Barrinha",24207,28496,32092,"0.177","0.126"
"3505708","Barueri",208281,240749,316473,"0.156","0.315"
"3505807","Bastos",20588,20445,21503,"-0.007","0.052"
"3505906","Batatais",51112,56476,58402,"0.105","0.034"
"3506003","Bauru",316064,343937,379146,"0.088","0.102"
"3506102","Bebedouro",74815,75035,76373,"0.003","0.018"
"3506201","Bento de Abreu",2394,2674,2606,"0.117","-0.025"
"3506300","Bernardino de Campos",1072,10775,11607,"9.051","0.077"
"3506359","Bertioga",30039,47645,64188,"0.586","0.347"
"3506409","Bilac",6088,7048,7319,"0.158","0.038"
"3506508","Birigui",943,108728,118979,"114.3","0.094"
"3506607","Biritiba Mirim",24653,28575,29683,"0.159","0.039"
"3506706","Boa Esperança do Sul",12573,13645,12978,"0.085","-0.049"
"3506805","Bocaina",9442,10859,11259,"0.15","0.037"
"3506904","Bofete",7356,9618,10460,"0.308","0.088"
"3507001","Boituva",34368,48314,61081,"0.406","0.264"
"3507100","Bom Jesus dos Perdơes",13313,19708,22006,"0.48","0.117"
"3507159","Bom Sucesso de Itararé",3231,3571,3555,"0.105","-0.004"
"3507209","Borá",795,805,907,"0.013","0.127"
"3507308","Boracéia",3739,4268,4715,"0.141","0.105"
"3507407","Borborema",13193,14529,14226,"0.101","-0.021"
"3507456","Borebi",1933,2293,2713,"0.186","0.183"
"3507506","Botucatu",108306,127328,145155,"0.176","0.14"
"3507605","Bragança Paulista",125031,146744,176811,"0.174","0.205"
"3507704","Braúna",4383,5021,5356,"0.146","0.067"
"3507753","Brejo Alegre",2308,2573,2565,"0.115","-0.003"
"3507803","Brodowski",17139,21107,25201,"0.232","0.194"
"3507902","Brotas",18886,2158,23898,"-0.886","10.074"
"3508009","Buri",17629,18563,20250,"0.053","0.091"
"3508108","Buritama",13854,15418,17210,"0.113","0.116"
"3508207","Buritizal",3674,4053,4356,"0.103","0.075"
"3508306","Cabrália Paulista",4656,4365,4299,"-0.063","-0.015"
"3508405","Cabreúva",331,41604,47011,"124.692","0.13"
"3508504","Caçapava",7613,84752,96202,"10.133","0.135"
"3508603","Cachoeira Paulista",27205,30091,31564,"0.106","0.049"
"3508702","Caconde",18378,18538,17101,"0.009","-0.078"
"3508801","Cafelândia",15793,16607,16654,"0.052","0.003"
"3508900","Caiabu",4077,4072,3712,"-0.001","-0.088"
"3509007","Caieiras",71221,86529,95032,"0.215","0.098"
"3509106","Caiuá",4192,5039,5466,"0.202","0.085"
"3509205","Cajamar",50761,64114,92689,"0.263","0.446"
"3509254","Cajati",29227,28372,28515,"-0.029","0.005"
"3509304","Cajobi",9174,9768,9133,"0.065","-0.065"
"3509403","Cajuru",20777,23371,23830,"0.125","0.02"
"3509452","Campina do Monte Alegre",5209,5567,5954,"0.069","0.07"
"3509502","Campinas",969396,1080113,1139047,"0.114","0.055"
"3509601","Campo Limpo Paulista",63724,74074,77632,"0.162","0.048"
"3509700","Campos do Jordăo",44252,47789,46974,"0.08","-0.017"
"3509809","Campos Novos Paulista",4181,4539,4888,"0.086","0.077"
"3509908","Cananéia",12298,12226,12289,"-0.006","0.005"
"3509957","Canas",3614,4385,4931,"0.213","0.125"
"3510005","Cândido Mota",2928,29884,29449,"9.206","-0.015"
"3510104","Cândido Rodrigues",2613,2668,2889,"0.021","0.083"
"3510153","Canitar",3481,4369,6283,"0.255","0.438"
"3510203","Capăo Bonito",46732,46178,46337,"-0.012","0.003"
"3510302","Capela do Alto",14247,17532,22866,"0.231","0.304"
"3510401","Capivari",41468,48576,50068,"0.171","0.031"
"3510500","Caraguatatuba",78921,10084,134873,"-0.872","12.375"
"3510609","Carapicuíba",344596,369584,386984,"0.073","0.047"
"3510708","Cardoso",11605,11805,11345,"0.017","-0.039"
"3510807","Casa Branca",268,28307,28083,"104.623","-0.008"
"3510906","Cássia dos Coqueiros",2871,2634,2799,"-0.083","0.063"
"3511003","Castilho",14948,18003,19977,"0.204","0.11"
"3511102","Catanduva",105847,11282,115791,"-0.893","9.263"
"3511201","Catiguá",6555,7127,7003,"0.087","-0.017"
"3511300","Cedral",67,7972,12618,"117.985","0.583"
"3511409","Cerqueira César",15144,17532,21469,"0.158","0.225"
"3511508","Cerquilho",29508,39617,44695,"0.343","0.128"
"3511607","Cesário Lange",12883,1554,19048,"-0.879","11.257"
"3511706","Charqueada",13037,15085,15535,"0.157","0.03"
"3511904","Clementina",5404,7065,6982,"0.307","-0.012"
"3512001","Colina",16664,17371,18486,"0.042","0.064"
"3512100","Colômbia",5954,5994,6629,"0.007","0.106"
"3512209","Conchal",22676,25229,28101,"0.113","0.114"
"3512308","Conchas",14904,16288,15232,"0.093","-0.065"
"3512407","Cordeirópolis",17591,2108,24514,"-0.88","10.629"
"3512506","Coroados",4417,5238,5400,"0.186","0.031"
"3512605","Coronel Macedo",5589,5001,4280,"-0.105","-0.144"
"3512704","Corumbataí",3794,3874,4195,"0.021","0.083"
"3512803","Cosmópolis",44355,58827,59773,"0.326","0.016"
"3512902","Cosmorama",7372,7214,8719,"-0.021","0.209"
"3513009","Cotia",148987,20115,274413,"-0.865","12.642"
"3513108","Cravinhos",28411,31691,33281,"0.115","0.05"
"3513207","Cristais Paulista",6579,7588,9272,"0.153","0.222"
"3513306","Cruzália",261,2274,2108,"7.713","-0.073"
"3513405","Cruzeiro",73492,77039,74961,"0.048","-0.027"
"3513504","Cubatăo",108309,11872,112476,"-0.89","8.474"
"3513603","Cunha",2309,21866,22110,"8.47","0.011"
"3513702","Descalvado",28921,31056,31756,"0.074","0.023"
"3513801","Diadema",357064,386089,393237,"0.081","0.019"
"3513850","Dirce Reis",1623,1689,1620,"0.041","-0.041"
"3513900","Divinolândia",12016,11208,11158,"-0.067","-0.004"
"3514007","Dobrada",7007,7939,8759,"0.133","0.103"
"3514106","Dois Córregos",22522,24761,24510,"0.099","-0.01"
"3514205","Dolcinópolis",2152,2096,2207,"-0.026","0.053"
"3514304","Dourado",8606,8609,8096,"0","-0.06"
"3514403","Dracena",405,43258,45474,"105.81","0.051"
"3514502","Duartina",12475,12251,12328,"-0.018","0.006"
"3514601","Dumont",6307,8143,9471,"0.291","0.163"
"3514700","Echaporă",6827,6318,6205,"-0.075","-0.018"
"3514809","Eldorado",14134,14641,13069,"0.036","-0.107"
"3514908","Elias Fausto",13888,15775,17699,"0.136","0.122"
"3514924","Elisiário",2577,312,3138,"-0.879","9.058"
"3514957","Embaúba",2478,2423,2323,"-0.022","-0.041"
"3515004","Embu das Artes",207663,24023,250691,"-0.884","9.435"
"3515103","Embu-Guaçu",56916,62769,66970,"0.103","0.067"
"3515129","Emilianópolis",2893,302,3014,"-0.896","8.98"
"3515152","Engenheiro Coelho",10033,15721,19566,"0.567","0.245"
"3515186","Espírito Santo do Pinhal",4048,41907,39816,"9.353","-0.05"
"3515194","Espírito Santo do Turvo",3677,4244,4157,"0.154","-0.02"
"3515202","Estrela d'Oeste",8256,8208,9417,"-0.006","0.147"
"3515301","Estrela do Norte",2625,2658,2703,"0.013","0.017"
"3515350","Euclides da Cunha Paulista",10214,9585,7924,"-0.062","-0.173"
"3515400","Fartura",1501,1532,16641,"0.021","9.862"
"3515509","Fernandópolis",61647,64696,71186,"0.049","0.1"
"3515608","Fernando Prestes",5434,5534,5942,"0.018","0.074"
"3515657","Fernăo",1432,1563,1656,"0.091","0.06"
"3515707","Ferraz de Vasconcelos",142377,168306,179198,"0.182","0.065"
"3515806","Flora Rica",2177,1752,1487,"-0.195","-0.151"
"3515905","Floreal",3223,3003,2733,"-0.068","-0.09"
"3516002","Flórida Paulista",11106,12848,12958,"0.157","0.009"
"3516101","Florínea",3127,2829,3851,"-0.095","0.361"
"3516200","Franca",287737,31864,352536,"-0.889","10.064"
"3516309","Francisco Morato",133738,154472,165139,"0.155","0.069"
"3516408","Franco da Rocha",108122,131604,144849,"0.217","0.101"
"3516507","Gabriel Monteiro",2726,2708,2763,"-0.007","0.02"
"3516606","Gália",7853,7011,6380,"-0.107","-0.09"
"3516705","Garça",43162,43115,42110,"-0.001","-0.023"
"3516804","Gastăo Vidigal",3586,4193,3252,"0.169","-0.224"
"3516853","Gaviăo Peixoto",4126,4419,4702,"0.071","0.064"
"3516903","General Salgado",10824,10669,10312,"-0.014","-0.033"
"3517000","Getulina",1037,10765,10232,"9.381","-0.05"
"3517109","Glicério",4428,4565,4138,"0.031","-0.094"
"3517208","Guaiçara",9211,1067,11239,"-0.884","9.533"
"3517307","Guaimbê",5207,5425,5512,"0.042","0.016"
"3517406","Guaíra",3461,37404,39279,"9.807","0.05"
"3517505","Guapiaçu",14086,17869,21711,"0.269","0.215"
"3517604","Guapiara",19726,17998,17071,"-0.088","-0.052"
"3517703","Guará",18916,19858,18606,"0.05","-0.063"
"3517802","Guaraçaí",8894,8435,7441,"-0.052","-0.118"
"3517901","Guaraci",8846,9976,10350,"0.128","0.037"
"3518008","Guarani d'Oeste",2006,197,1968,"-0.902","8.99"
"3518107","Guarantă",6323,6404,6427,"0.013","0.004"
"3518206","Guararapes",28843,30597,31043,"0.061","0.015"
"3518305","Guararema",21904,25844,31236,"0.18","0.209"
"3518404","Guaratinguetá",104219,112072,118044,"0.075","0.053"
"3518503","Guareí",10197,14565,15013,"0.428","0.031"
"3518602","Guariba",31085,35486,37498,"0.142","0.057"
"3518701","Guarujá",264812,290752,287634,"0.098","-0.011"
"3518800","Guarulhos",1072717,1221979,1291771,"0.139","0.057"
"3518859","Guatapará",6371,6966,7320,"0.093","0.051"
"3518909","Guzolândia",4295,4754,4246,"0.107","-0.107"
"3519006","Herculândia",7992,8696,9125,"0.088","0.049"
"3519055","Holambra",7211,11299,15094,"0.567","0.336"
"3519071","Hortolândia",152523,192692,236641,"0.263","0.228"
"3519105","Iacanga",8282,10013,10437,"0.209","0.042"
"3519204","Iacri",6783,6419,6131,"-0.054","-0.045"
"3519253","Iaras",3054,6376,8010,"1.088","0.256"
"3519303","Ibaté",26462,30734,32178,"0.161","0.047"
"3519402","Ibirá",9447,10896,11690,"0.153","0.073"
"3519501","Ibirarema",5701,6725,6385,"0.18","-0.051"
"3519600","Ibitinga",4662,53158,60033,"10.402","0.129"
"3519709","Ibiúna",64384,71217,75605,"0.106","0.062"
"3519808","Icém",6772,7462,7819,"0.102","0.048"
"3519907","Iepê",7257,7628,7619,"0.051","-0.001"
"3520004","Igaraçu do Tietê",22614,23362,23106,"0.033","-0.011"
"3520103","Igarapava",25925,27952,26212,"0.078","-0.062"
"3520202","Igaratá",8292,8831,10605,"0.065","0.201"
"3520301","Iguape",27427,28841,29115,"0.052","0.01"
"3520400","Ilhabela",20836,28196,34934,"0.353","0.239"
"3520426","Ilha Comprida",6704,9025,13419,"0.346","0.487"
"3520442","Ilha Solteira",23996,25064,25549,"0.045","0.019"
"3520509","Indaiatuba",14705,201619,255748,"12.711","0.268"
"3520608","Indiana",4932,4825,5090,"-0.022","0.055"
"3520707","Indiaporă",4058,3903,4035,"-0.038","0.034"
"3520806","Inúbia Paulista",3318,363,3615,"-0.891","8.959"
"3520905","Ipaussu",12553,13663,13712,"0.088","0.004"
"3521002","Iperó",18384,283,36459,"-0.985","127.83"
"3521101","Ipeúna",434,6016,6831,"12.862","0.135"
"3521150","Ipiguá",3476,4463,6761,"0.284","0.515"
"3521200","Iporanga",4562,4299,4046,"-0.058","-0.059"
"3521309","Ipuă",1187,14148,14454,"10.919","0.022"
"3521408","Iracemápolis",15555,20029,21967,"0.288","0.097"
"3521507","Irapuă",6658,7275,6867,"0.093","-0.056"
"3521606","Irapuru",7457,7789,7085,"0.045","-0.09"
"3521705","Itaberá",18911,17858,17983,"-0.056","0.007"
"3521804","Itaí",21039,24008,25180,"0.141","0.049"
"3521903","Itajobi",1423,14556,16989,"9.229","0.167"
"3522000","Itaju",2638,3246,3618,"0.23","0.115"
"3522109","Itanhaém",71995,87057,112476,"0.209","0.292"
"3522158","Itaoca",3226,3228,3422,"0.001","0.06"
"3522208","Itapecerica da Serra",129685,152614,158522,"0.177","0.039"
"3522307","Itapetininga",125559,144377,157790,"0.15","0.093"
"3522406","Itapeva",82866,87753,89728,"0.059","0.023"
"3522505","Itapevi",162433,200769,232297,"0.236","0.157"
"3522604","Itapira",63377,68537,72022,"0.081","0.051"
"3522653","Itapirapuă Paulista",3577,388,4306,"-0.892","10.098"
"3522703","Itápolis",3775,40051,39493,"9.61","-0.014"
"3522802","Itaporanga",14354,14549,14085,"0.014","-0.032"
"3522901","Itapuí",10371,12173,13659,"0.174","0.122"
"3523008","Itapura",3838,4357,3979,"0.135","-0.087"
"3523107","Itaquaquecetuba",272942,32177,369275,"-0.882","10.476"
"3523206","Itararé",46554,47934,44438,"0.03","-0.073"
"3523305","Itariri",13613,15471,15528,"0.136","0.004"
"3523404","Itatiba",81197,101471,121590,"0.25","0.198"
"3523503","Itatinga",15446,18052,19070,"0.169","0.056"
"3523602","Itirapina",12836,15524,16148,"0.209","0.04"
"3523701","Itirapuă",5412,5914,5779,"0.093","-0.023"
"3523800","Itobi",7466,7546,8046,"0.011","0.066"
"3523909","Itu",135366,154147,168240,"0.139","0.091"
"3524006","Itupeva",26166,44859,70616,"0.714","0.574"
"3524105","Ituverava",36268,38695,37571,"0.067","-0.029"
"3524204","Jaborandi",6424,6592,6221,"0.026","-0.056"
"3524303","Jaboticabal",67408,71662,71821,"0.063","0.002"
"3524402","Jacareí",191291,211214,240275,"0.104","0.138"
"3524501","Jaci",4117,5657,7613,"0.374","0.346"
"3524600","Jacupiranga",17041,17208,16097,"0.01","-0.065"
"3524709","Jaguariúna",29597,44311,59347,"0.497","0.339"
"3524808","Jales",46186,47012,48776,"0.018","0.038"
"3524907","Jambeiro",3992,5349,6397,"0.34","0.196"
"3525003","Jandira",91807,108344,118045,"0.18","0.09"
"3525102","Jardinópolis",30729,37661,45282,"0.226","0.202"
"3525201","Jarinu",17041,23847,37535,"0.399","0.574"
"3525300","Jaú",112104,13104,133497,"-0.883","9.188"
"3525409","Jeriquara",328,316,3863,"-0.037","11.225"
"3525508","Joanópolis",10409,11768,12815,"0.131","0.089"
"3525607","Joăo Ramalho",3842,415,4371,"-0.892","9.533"
"3525706","José Bonifácio",28714,32763,36633,"0.141","0.118"
"3525805","Júlio Mesquita",4166,443,4254,"-0.894","8.603"
"3525854","Jumirim",2196,2798,3056,"0.274","0.092"
"3525904","Jundiaí",323397,370126,443221,"0.144","0.197"
"3526001","Junqueirópolis",17005,18726,20448,"0.101","0.092"
"3526100","Juquiá",20516,19246,17154,"-0.062","-0.109"
"3526209","Juquitiba",26459,28737,27404,"0.086","-0.046"
"3526308","Lagoinha",4957,4841,5083,"-0.023","0.05"
"3526407","Laranjal Paulista",22145,25251,26261,"0.14","0.04"
"3526506","Lavínia",5131,8779,9689,"0.711","0.104"
"3526605","Lavrinhas",6008,659,7171,"-0.89","9.882"
"3526704","Leme",80757,91756,98161,"0.136","0.07"
"3526803","Lençóis Paulista",55042,61428,66505,"0.116","0.083"
"3526902","Limeira",249046,276022,291869,"0.108","0.057"
"3527009","Lindóia",5331,6712,7014,"0.259","0.045"
"3527108","Lins",65952,71432,74779,"0.083","0.047"
"3527207","Lorena",7799,82537,84855,"9.583","0.028"
"3527256","Lourdes",2007,2128,1950,"0.06","-0.084"
"3527306","Louveira",23903,37125,51847,"0.553","0.397"
"3527405","Lucélia",18316,19882,20061,"0.085","0.009"
"3527504","Lucianópolis",2154,2249,2372,"0.044","0.055"
"3527603","Luís Antônio",716,11286,12265,"14.763","0.087"
"3527702","Luiziânia",4274,503,4701,"-0.882","8.346"
"3527801","Lupércio",423,4353,3981,"9.291","-0.085"
"3527900","Lutécia",2897,2714,2661,"-0.063","-0.02"
"3528007","Macatuba",15752,16259,16829,"0.032","0.035"
"3528106","Macaubal",7385,7663,7481,"0.038","-0.024"
"3528205","Macedônia",3761,3664,3963,"-0.026","0.082"
"3528304","Magda",3421,32,3165,"-0.991","97.906"
"3528403","Mairinque",39975,43223,50027,"0.081","0.157"
"3528502","Mairiporă",60111,80956,93853,"0.347","0.159"
"3528601","Manduri",8271,8992,9871,"0.087","0.098"
"3528700","Marabá Paulista",3699,4812,4573,"0.301","-0.05"
"3528809","Maracaí",13004,13332,12673,"0.025","-0.049"
"3528858","Marapoama",2238,2633,3292,"0.176","0.25"
"3528908","Mariápolis",3854,3916,3513,"0.016","-0.103"
"3529005","Marília",197342,216745,237627,"0.098","0.096"
"3529104","Marinópolis",2195,2113,1860,"-0.037","-0.12"
"3529203","Martinópolis",22346,24219,24881,"0.084","0.027"
"3529302","Matăo",71753,76786,79033,"0.07","0.029"
"3529401","Mauá",363392,417064,418261,"0.148","0.003"
"3529500","Mendonça",3759,464,6159,"-0.877","12.274"
"3529609","Meridiano",4025,3855,4572,"-0.042","0.186"
"3529658","Mesópolis",193,1886,1952,"8.772","0.035"
"3529708","Miguelópolis",19019,20451,19441,"0.075","-0.049"
"3529807","Mineiros do Tietê",1141,12038,11230,"9.55","-0.067"
"3529906","Miracatu",22383,20592,18553,"-0.08","-0.099"
"3530003","Mira Estrela",2596,282,3126,"-0.891","10.085"
"3530102","Mirandópolis",25936,27483,27983,"0.06","0.018"
"3530201","Mirante do Paranapanema",16213,17059,15917,"0.052","-0.067"
"3530300","Mirassol",48327,53792,63337,"0.113","0.177"
"3530409","Mirassolândia",3741,4295,4669,"0.148","0.087"
"3530508","Mococa",65574,6629,67681,"-0.899","9.21"
"3530607","Mogi das Cruzes",330241,387779,451505,"0.174","0.164"
"3530706","Mogi Guaçu",124228,137245,153658,"0.105","0.12"
"3530805","Mogi Mirim",81467,86505,92558,"0.062","0.07"
"3530904","Mombuca",3107,3266,3722,"0.051","0.14"
"3531001","Monçơes",2055,2132,1937,"0.037","-0.091"
"3531100","Mongaguá",35098,46293,61951,"0.319","0.338"
"3531209","Monte Alegre do Sul",6321,7152,8627,"0.131","0.206"
"3531308","Monte Alto",43613,46642,47574,"0.069","0.02"
"3531407","Monte Aprazível",18413,21746,22280,"0.181","0.025"
"3531506","Monte Azul Paulista",19553,18931,18151,"-0.032","-0.041"
"3531605","Monte Castelo",4089,4063,4222,"-0.006","0.039"
"3531704","Monteiro Lobato",3615,412,4138,"-0.886","9.044"
"3531803","Monte Mor",3734,48949,64662,"12.109","0.321"
"3531902","Morro Agudo",25428,29116,27933,"0.145","-0.041"
"3532009","Morungaba",9911,11769,13720,"0.187","0.166"
"3532058","Motuca",3871,429,4034,"-0.889","8.403"
"3532108","Murutinga do Sul",3971,4186,3737,"0.054","-0.107"
"3532157","Nantes",2269,2707,2660,"0.193","-0.017"
"3532207","Narandiba",3743,4288,5713,"0.146","0.332"
"3532306","Natividade da Serra",6952,6678,6999,"-0.039","0.048"
"3532405","Nazaré Paulista",1441,16414,18217,"10.391","0.11"
"3532504","Neves Paulista",8907,8772,9699,"-0.015","0.106"
"3532603","Nhandeara",10194,10725,9852,"0.052","-0.081"
"3532702","Nipoă",3267,4274,4750,"0.308","0.111"
"3532801","Nova Aliança",4768,5891,6693,"0.236","0.136"
"3532827","Nova Campina",7295,8515,8497,"0.167","-0.002"
"3532843","Nova Canaă Paulista",2483,2114,2032,"-0.149","-0.039"
"3532868","Nova Castilho",991,1125,1062,"0.135","-0.056"
"3532900","Nova Europa",7307,93,9311,"-0.987","99.118"
"3533007","Nova Granada",1702,1918,19419,"0.127","9.125"
"3533106","Nova Guataporanga",2087,2177,2156,"0.043","-0.01"
"3533205","Nova Independência",2063,3068,4609,"0.487","0.502"
"3533254","Novais",3225,4592,4412,"0.424","-0.039"
"3533304","Nova Luzitânia",2749,3441,2837,"0.252","-0.176"
"3533403","Nova Odessa",42071,51242,62019,"0.218","0.21"
"3533502","Novo Horizonte",32432,36593,38324,"0.128","0.047"
"3533601","Nuporanga",6309,6817,7391,"0.081","0.084"
"3533700","Ocauçu",4164,4163,4331,"0","0.04"
"3533809","Óleo",2994,2673,2512,"-0.107","-0.06"
"3533908","Olímpia",46013,50024,55074,"0.087","0.101"
"3534005","Onda Verde",3413,3884,4771,"0.138","0.228"
"3534104","Oriente",5884,6097,6085,"0.036","-0.002"
"3534203","Orindiúva",4161,5675,6024,"0.364","0.061"
"3534302","Orlândia",36004,39781,38319,"0.105","-0.037"
"3534401","Osasco",652593,66674,728615,"-0.898","9.928"
"3534500","Oscar Bressane",2552,2537,2470,"-0.006","-0.026"
"3534609","Osvaldo Cruz",29648,30917,31272,"0.043","0.011"
"3534708","Ourinhos",93868,103035,103970,"0.098","0.009"
"3534757","Ouroeste",629,8405,10294,"12.362","0.225"
"3534807","Ouro Verde",7148,78,7779,"-0.989","98.731"
"3534906","Pacaembu",12518,13226,14877,"0.057","0.125"
"3535002","Palestina",91,11051,11476,"120.44","0.038"
"3535101","Palmares Paulista",8437,10934,9650,"0.296","-0.117"
"3535200","Palmeira d'Oeste",10322,9584,8903,"-0.071","-0.071"
"3535309","Palmital",20701,21186,19594,"0.023","-0.075"
"3535408","Panorama",13649,14583,14964,"0.068","0.026"
"3535507","Paraguaçu Paulista",39618,42278,41120,"0.067","-0.027"
"3535606","Paraibuna",17009,17388,17667,"0.022","0.016"
"3535705","Paraíso",5429,5898,6099,"0.086","0.034"
"3535804","Paranapanema",1551,17808,19395,"10.482","0.089"
"3535903","Paranapuă",3632,3815,4031,"0.05","0.057"
"3536000","Parapuă",11104,10844,10580,"-0.023","-0.024"
"3536109","Pardinho",4732,5582,7153,"0.18","0.281"
"3536208","Pariquera-Açu",17649,18446,19233,"0.045","0.043"
"3536257","Parisi",1948,2032,2892,"0.043","0.423"
"3536307","Patrocínio Paulista",11416,13,14512,"-0.999","1115.308"
"3536406","Paulicéia",5302,6339,7955,"0.196","0.255"
"3536505","Paulínia",51326,82146,110537,"0.6","0.346"
"3536570","Paulistânia",1779,1779,2090,"0","0.175"
"3536604","Paulo de Faria",8472,8589,7400,"0.014","-0.138"
"3536703","Pederneiras",36614,41497,44827,"0.133","0.08"
"3536802","Pedra Bela",5609,578,6557,"-0.897","10.344"
"3536901","Pedranópolis",2734,2558,2787,"-0.064","0.09"
"3537008","Pedregulho",14994,157,15525,"-0.99","97.885"
"3537107","Pedreira",35219,41558,43112,"0.18","0.037"
"3537156","Pedrinhas Paulista",2861,294,2804,"-0.897","8.537"
"3537206","Pedro de Toledo",9187,10204,11281,"0.111","0.106"
"3537305","Penápolis",54635,5851,61679,"-0.893","9.542"
"3537404","Pereira Barreto",25028,24962,24095,"-0.003","-0.035"
"3537503","Pereiras",6226,7454,8737,"0.197","0.172"
"3537602","Peruíbe",51451,59773,68352,"0.162","0.144"
"3537701","Piacatu",4625,5287,5519,"0.143","0.044"
"3537800","Piedade",50131,52143,52970,"0.04","0.016"
"3537909","Pilar do Sul",23948,26406,27619,"0.103","0.046"
"3538006","Pindamonhangaba",126026,146995,165428,"0.166","0.125"
"3538105","Pindorama",13109,15039,14542,"0.147","-0.033"
"3538204","Pinhalzinho",10986,13105,15224,"0.193","0.162"
"3538303","Piquerobi",3478,3537,3264,"0.017","-0.077"
"3538501","Piquete",152,14107,12490,"91.809","-0.115"
"3538600","Piracaia",23347,25116,26029,"0.076","0.036"
"3538709","Piracicaba",329158,364571,423323,"0.108","0.161"
"3538808","Piraju",27897,28475,29436,"0.021","0.034"
"3538907","Pirajuí",20095,22704,22431,"0.13","-0.012"
"3539004","Pirangi",10038,10623,10885,"0.058","0.025"
"3539103","Pirapora do Bom Jesus",12395,15733,18370,"0.269","0.168"
"3539202","Pirapozinho",22104,24694,25348,"0.117","0.026"
"3539301","Pirassununga",64864,70081,73545,"0.08","0.049"
"3539400","Piratininga",10584,12072,15108,"0.141","0.251"
"3539509","Pitangueiras",31156,35307,33674,"0.133","-0.046"
"3539608","Planalto",367,4463,4389,"11.161","-0.017"
"3539707","Platina",2867,3192,3025,"0.113","-0.052"
"3539806","Poá",95801,106013,103765,"0.107","-0.021"
"3539905","Poloni",4774,5395,5592,"0.13","0.037"
"3540002","Pompéia",18171,19964,20196,"0.099","0.012"
"3540101","Pongaí",3693,3481,3395,"-0.057","-0.025"
"3540200","Pontal",29681,40244,37607,"0.356","-0.066"
"3540259","Pontalinda",3539,4074,4127,"0.151","0.013"
"3540309","Pontes Gestal",2539,2518,2387,"-0.008","-0.052"
"3540408","Populina",445,4223,4127,"8.49","-0.023"
"3540507","Porangaba",6652,8326,10451,"0.252","0.255"
"3540606","Porto Feliz",45514,48893,56497,"0.074","0.156"
"3540705","Porto Ferreira",47437,514,52649,"-0.989","101.43"
"3540754","Potim",13605,19397,20392,"0.426","0.051"
"3540804","Potirendaba",13656,15449,18496,"0.131","0.197"
"3540853","Pracinha",1431,2858,2578,"0.997","-0.098"
"3540903","Pradópolis",12912,17377,17078,"0.346","-0.017"
"3541000","Praia Grande",193582,262051,349935,"0.354","0.335"
"3541059","Pratânia",395,4599,5126,"10.643","0.115"
"3541109","Presidente Alves",4317,4123,3804,"-0.045","-0.077"
"3541208","Presidente Bernardes",14662,1357,1449,"-0.907","0.068"
"3541307","Presidente Epitácio",39298,41318,39505,"0.051","-0.044"
"3541406","Presidente Prudente",189186,20761,225668,"-0.89","9.87"
"3541505","Presidente Venceslau",37347,3791,35201,"-0.898","8.285"
"3541604","Promissăo",31105,35674,35131,"0.147","-0.015"
"3541653","Quadra",2651,3236,3405,"0.221","0.052"
"3541703","Quatá",11655,12799,13163,"0.098","0.028"
"3541802","Queiroz",2171,2808,3265,"0.293","0.163"
"3541901","Queluz",9112,11309,9159,"0.241","-0.19"
"3542008","Quintana",5443,6004,7038,"0.103","0.172"
"3542107","Rafard",836,8612,8965,"9.301","0.041"
"3542206","Rancharia",28772,28804,28588,"0.001","-0.007"
"3542305","Redençăo da Serra",4047,3873,4494,"-0.043","0.16"
"3542404","Regente Feijó",16998,18494,20145,"0.088","0.089"
"3542503","Reginópolis",4742,7323,7662,"0.544","0.046"
"3542602","Registro",53752,54261,59947,"0.009","0.105"
"3542701","Restinga",5584,6587,6404,"0.18","-0.028"
"3542800","Ribeira",3507,3358,3132,"-0.042","-0.067"
"3542909","Ribeirăo Bonito",11246,12135,10989,"0.079","-0.094"
"3543006","Ribeirăo Branco",21231,18269,18627,"-0.14","0.02"
"3543105","Ribeirăo Corrente",3881,4273,4608,"0.101","0.078"
"3543204","Ribeirăo do Sul",4497,4446,4677,"-0.011","0.052"
"3543238","Ribeirăo dos Índios",2222,2187,2025,"-0.016","-0.074"
"3543253","Ribeirăo Grande",739,7422,7450,"9.043","0.004"
"3543303","Ribeirăo Pires",104508,113068,115559,"0.082","0.022"
"3543402","Ribeirăo Preto",504923,604682,698642,"0.198","0.155"
"3543501","Riversul",7192,6163,5599,"-0.143","-0.092"
"3543600","Rifaina",3325,3436,4049,"0.033","0.178"
"3543709","Rincăo",1033,10414,9098,"9.081","-0.126"
"3543808","Rinópolis",10255,9935,9259,"-0.031","-0.068"
"3543907","Rio Claro",168218,186253,201418,"0.107","0.081"
"3544004","Rio das Pedras",23494,29501,31328,"0.256","0.062"
"3544103","Rio Grande da Serra",37091,43974,44170,"0.186","0.004"
"3544202","Riolândia",856,10575,10309,"11.354","-0.025"
"3544251","Rosana",24229,19691,17440,"-0.187","-0.114"
"3544301","Roseira",8577,9599,10832,"0.119","0.128"
"3544400","Rubiácea",2337,2729,2700,"0.168","-0.011"
"3544509","Rubinéia",2615,2862,3833,"0.094","0.339"
"3544608","Sabino",4951,5217,5112,"0.054","-0.02"
"3544707","Sagres",2439,2395,2474,"-0.018","0.033"
"3544806","Sales",4563,5451,6437,"0.195","0.181"
"3544905","Sales Oliveira",9325,10568,11411,"0.133","0.08"
"3545001","Salesópolis",14357,15635,15202,"0.089","-0.028"
"3545100","Salmourăo",4401,4818,4808,"0.095","-0.002"
"3545159","Saltinho",5799,7059,8161,"0.217","0.156"
"3545209","Salto",93159,105516,134319,"0.133","0.273"
"3545308","Salto de Pirapora",35072,40132,43748,"0.144","0.09"
"3545407","Salto Grande",8444,8787,9050,"0.041","0.03"
"3545506","Sandovalina",3089,3699,3645,"0.197","-0.015"
"3545605","Santa Adélia",13449,14333,14018,"0.066","-0.022"
"3545704","Santa Albertina",5586,5723,6393,"0.025","0.117"
"3545803","Santa Bárbara d'Oeste",170078,180009,183347,"0.058","0.019"
"3546009","Santa Branca",1301,13763,13975,"9.579","0.015"
"3546108","Santa Clara d'Oeste",2123,2084,2598,"-0.018","0.247"
"3546207","Santa Cruz da Conceiçăo",3531,4002,4277,"0.133","0.069"
"3546256","Santa Cruz da Esperança",1796,1953,2116,"0.087","0.083"
"3546306","Santa Cruz das Palmeiras",25556,29932,28864,"0.171","-0.036"
"3546405","Santa Cruz do Rio Pardo",40919,43921,46442,"0.073","0.057"
"3546504","Santa Ernestina",5741,5568,6118,"-0.03","0.099"
"3546603","Santa Fé do Sul",26512,29239,34794,"0.103","0.19"
"3546702","Santa Gertrudes",15906,21634,23611,"0.36","0.091"
"3546801","Santa Isabel",4374,50453,53174,"10.535","0.054"
"3546900","Santa Lúcia",7853,8248,7149,"0.05","-0.133"
"3547007","Santa Maria da Serra",4673,5413,5243,"0.158","-0.031"
"3547106","Santa Mercedes",2803,2831,2956,"0.01","0.044"
"3547205","Santana da Ponte Pensa",1894,1641,1670,"-0.134","0.018"
"3547304","Santana de Parnaíba",74828,108813,154105,"0.454","0.416"
"3547403","Santa Rita d'Oeste",2695,2543,2733,"-0.056","0.075"
"3547502","Santa Rita do Passa Quatro",26138,26478,24833,"0.013","-0.062"
"3547601","Santa Rosa de Viterbo",21435,23862,23411,"0.113","-0.019"
"3547650","Santa Salete",1379,1447,1645,"0.049","0.137"
"3547700","Santo Anastácio",20749,20475,17963,"-0.013","-0.123"
"3547809","Santo André",649331,676407,748919,"0.042","0.107"
"3547908","Santo Antônio da Alegria",5764,6304,6775,"0.094","0.075"
"3548005","Santo Antônio de Posse",18124,2065,23244,"-0.886","10.256"
"3548054","Santo Antônio do Aracanguá",6929,7626,8379,"0.101","0.099"
"3548104","Santo Antônio do Jardim",6154,5943,6126,"-0.034","0.031"
"3548203","Santo Antônio do Pinhal",6328,6486,7133,"0.025","0.1"
"3548302","Santo Expedito",2526,2803,3000,"0.11","0.07"
"3548401","Santópolis do Aguapeí",3816,4277,3899,"0.121","-0.088"
"3548500","Santos",417983,4194,418608,"-0.99","98.811"
"3548609","Săo Bento do Sapucaí",10355,10468,11674,"0.011","0.115"
"3548708","Săo Bernardo do Campo",703177,765463,810729,"0.089","0.059"
"3548807","Săo Caetano do Sul",140159,149263,165655,"0.065","0.11"
"3548906","Săo Carlos",192998,22195,254857,"-0.885","10.483"
"3549003","Săo Francisco",2863,2793,2602,"-0.024","-0.068"
"3549102","Săo Joăo da Boa Vista",77387,83639,92547,"0.081","0.107"
"3549201","Săo Joăo das Duas Pontes",266,2566,2580,"8.647","0.005"
"3549250","Săo Joăo de Iracema",1671,178,1846,"-0.893","9.371"
"3549300","Săo Joăo do Pau d'Alho",218,2103,2242,"8.647","0.066"
"3549409","Săo Joaquim da Barra",41587,46512,48558,"0.118","0.044"
"3549508","Săo José da Bela Vista",8075,8406,7626,"0.041","-0.093"
"3549607","Săo José do Barreiro",4143,4077,3853,"-0.016","-0.055"
"3549706","Săo José do Rio Pardo",50077,519,52205,"-0.99","99.588"
"3549805","Săo José do Rio Preto",358523,408258,480393,"0.139","0.177"
"3549904","Săo José dos Campos",539313,629921,697054,"0.168","0.107"
"3549953","Săo Lourenço da Serra",12199,13973,16067,"0.145","0.15"
"3550001","Săo Luiz do Paraitinga",10429,10397,10337,"-0.003","-0.006"
"3550100","Săo Manuel",36545,38342,37289,"0.049","-0.027"
"3550209","Săo Miguel Arcanjo",30798,3145,32039,"-0.898","9.187"
"3550308","Săo Paulo",10434252,11253503,11451999,"0.079","0.018"
"3550407","Săo Pedro",27897,31662,38256,"0.135","0.208"
"3550506","Săo Pedro do Turvo",6888,7198,7217,"0.045","0.003"
"3550605","Săo Roque",66637,78821,79484,"0.183","0.008"
"3550704","Săo Sebastiăo",58038,73942,81595,"0.274","0.104"
"3550803","Săo Sebastiăo da Grama",12454,12099,10441,"-0.029","-0.137"
"3550902","Săo Simăo",13675,14346,13442,"0.049","-0.063"
"3551009","Săo Vicente",303551,332445,329911,"0.095","-0.008"
"3551108","Sarapuí",7805,9027,10369,"0.157","0.149"
"3551207","Sarutaiá",3739,3622,3704,"-0.031","0.023"
"3551306","Sebastianópolis do Sul",2546,3031,3130,"0.19","0.033"
"3551405","Serra Azul",7446,11256,12746,"0.512","0.132"
"3551504","Serrana",32603,38878,43909,"0.192","0.129"
"3551603","Serra Negra",23851,26387,29894,"0.106","0.133"
"3551702","Sertăozinho",94664,110074,126887,"0.163","0.153"
"3551801","Sete Barras",13714,13005,12730,"-0.052","-0.021"
"3551900","Severínia",13605,15501,14576,"0.139","-0.06"
"3552007","Silveiras",5378,5792,6186,"0.077","0.068"
"3552106","Socorro",32704,36686,40122,"0.122","0.094"
"3552205","Sorocaba",493468,586625,723682,"0.189","0.234"
"3552304","Sud Mennucci",7365,7435,7355,"0.01","-0.011"
"3552403","Sumaré",196723,241311,279545,"0.227","0.158"
"3552502","Suzano",22869,26248,307429,"0.148","10.712"
"3552551","Suzanápolis",279,3383,3408,"11.125","0.007"
"3552601","Tabapuă",10493,11363,11323,"0.083","-0.004"
"3552700","Tabatinga",1299,14686,14769,"10.306","0.006"
"3552809","Taboăo da Serra",197644,244528,273542,"0.237","0.119"
"3552908","Taciba",5221,5714,6260,"0.094","0.096"
"3553005","Taguaí",7468,10828,12669,"0.45","0.17"
"3553104","Taiaçu",5619,5894,5677,"0.049","-0.037"
"3553203","Taiúva",5506,5447,6548,"-0.011","0.202"
"3553302","Tambaú",22258,22406,21435,"0.007","-0.043"
"3553401","Tanabi",22587,24055,25265,"0.065","0.05"
"3553500","Tapiraí",857,8012,7996,"8.349","-0.002"
"3553609","Tapiratiba",12942,12737,11816,"-0.016","-0.072"
"3553658","Taquaral",2722,2726,2619,"0.001","-0.039"
"3553708","Taquaritinga",52065,53988,52260,"0.037","-0.032"
"3553807","Taquarituba",21982,22291,24350,"0.014","0.092"
"3553856","Taquarivaí",4473,5151,6876,"0.152","0.335"
"3553906","Tarabai",5786,6607,6536,"0.142","-0.011"
"3553955","Tarumă",10743,12885,14882,"0.199","0.155"
"3554003","Tatuí",9343,107326,123942,"10.487","0.155"
"3554102","Taubaté",244165,278686,310739,"0.141","0.115"
"3554201","Tejupá",5336,4809,4127,"-0.099","-0.142"
"3554300","Teodoro Sampaio",20003,21386,22173,"0.069","0.037"
"3554409","Terra Roxa",7752,8505,7904,"0.097","-0.071"
"3554508","Tietê",3171,36835,37663,"10.616","0.022"
"3554607","Timburi",2731,2646,2464,"-0.031","-0.069"
"3554656","Torre de Pedra",2144,2254,2046,"0.051","-0.092"
"3554706","Torrinha",8837,933,9335,"-0.894","9.005"
"3554755","Trabiju",138,1544,1682,"10.188","0.089"
"3554805","Tremembé",34823,40984,51173,"0.177","0.249"
"3554904","Três Fronteiras",5159,5427,6804,"0.052","0.254"
"3554953","Tuiuti",4956,593,6778,"-0.88","10.43"
"3555000","Tupă",63333,63476,63928,"0.002","0.007"
"3555109","Tupi Paulista",13286,14269,15854,"0.074","0.111"
"3555208","Turiúba",1895,193,1818,"-0.898","8.42"
"3555307","Turmalina",2366,1978,1669,"-0.164","-0.156"
"3555356","Ubarana",422,5289,5365,"11.533","0.014"
"3555406","Ubatuba",66861,78801,92981,"0.179","0.18"
"3555505","Ubirajara",4156,4427,5132,"0.065","0.159"
"3555604","Uchoa",9035,9471,10394,"0.048","0.097"
"3555703","Uniăo Paulista",1354,1599,1603,"0.181","0.003"
"3555802","Urânia",8825,8836,8833,"0.001","0"
"3555901","Uru",1404,1251,1387,"-0.109","0.109"
"3556008","Urupês",11833,12714,13744,"0.074","0.081"
"3556107","Valentim Gentil",8605,11036,14098,"0.283","0.277"
"3556206","Valinhos",82973,106793,126373,"0.287","0.183"
"3556305","Valparaíso",18574,22576,24241,"0.215","0.074"
"3556354","Vargem",6975,8801,10512,"0.262","0.194"
"3556404","Vargem Grande do Sul",36302,39266,40133,"0.082","0.022"
"3556453","Vargem Grande Paulista",32683,42997,50415,"0.316","0.173"
"3556503","Várzea Paulista",928,107089,115771,"114.398","0.081"
"3556602","Vera Cruz",11085,10769,10176,"-0.029","-0.055"
"3556701","Vinhedo",47215,63611,76540,"0.347","0.203"
"3556800","Viradouro",15962,17297,17414,"0.084","0.007"
"3556909","Vista Alegre do Alto",4754,6886,8109,"0.448","0.178"
"3556958","Vitória Brasil",1675,1737,1794,"0.037","0.033"
"3557006","Votorantim",95925,108809,127923,"0.134","0.176"
"3557105","Votuporanga",75641,84692,96634,"0.12","0.141"
"3557154","Zacarias",1947,2335,2692,"0.199","0.153"
"3557204","Chavantes",12194,12114,12211,"-0.007","0.008"
"3557303","Estiva Gerbi",8856,10044,11295,"0.134","0.125"
